"glatos_project","glatos_batch_id","vrl_file","size_kb","created_timestamp"
"THFHA","20180530","VR2W_104766_20110418_1.vrl",29345,2018-06-01 08:33:56
"THFHA","20180530","VR2W_104766_20110818_1.vrl",21656,2018-06-01 08:33:56
"THFHA","20180530","VR2W_104766_20111104_1.vrl",35279,2018-06-01 08:33:56
"THFHA","20180530","VR2W_104766_20120625_1.vrl",242039,2018-06-01 08:33:56
"THFHA","20180530","VR2W_104766_20120912_1.vrl",42293,2018-06-01 08:33:56
"THFHA","20180530","VR2W_104766_20130417_1.vrl",248899,2018-06-01 08:33:56
"THFHA","20180530","VR2W_104767_20110420_1.vrl",46448,2018-06-01 08:31:46
"THFHA","20180530","VR2W_104767_20110818_1.vrl",36193,2018-06-01 08:33:56
"THFHA","20180530","VR2W_104767_20111104_1.vrl",50903,2018-06-01 08:33:56
"THFHA","20180530","VR2W_104767_20120416_1.vrl",90774,2018-06-01 08:33:56
"THFHA","20180530","VR2W_104767_20121112_1.vrl",68850,2018-06-01 08:33:56
"THFHA","20180530","VR2W_104767_20130423_1.vrl",73794,2018-06-01 08:33:56
"THFHA","20180530","VR2W_104767_20131111_1.vrl",74935,2018-06-01 08:31:46
"THFHA","20180530","VR2W_104767_20140520_1.vrl",60338,2018-06-01 08:31:46
"THFHA","20180530","VR2W_104767_20140527_1.vrl",3268,2018-06-01 08:31:46
"THFHA","20180530","VR2W_104767_20141027_1.vrl",26015,2018-06-01 08:31:46
"THFHA","20180530","VR2W_104767_20150604_1.vrl",97672,2018-06-01 08:31:46
"THFHA","20180530","VR2W_104767_20151027_1.vrl",24117,2018-06-01 08:31:46
"THFHA","20180530","VR2W_104767_20160526_1.vrl",90121,2018-06-01 08:31:46
"THFHA","20180530","VR2W_104767_20161026_1.vrl",23522,2018-06-01 08:31:46
"THFHA","20180530","VR2W_104768_20110419_1.vrl",307025,2018-06-01 08:31:46
"THFHA","20180530","VR2W_104768_20110814_1.vrl",96226,2018-06-01 08:33:20
"THFHA","20180530","VR2W_104768_20111103_1.vrl",45738,2018-06-01 08:33:20
"THFHA","20180530","VR2W_104768_20120421_1.vrl",573235,2018-06-01 08:33:20
"THFHA","20180530","VR2W_104768_20121113_1.vrl",398404,2018-06-01 08:33:20
"THFHA","20180530","VR2W_104768_20130424_1.vrl",338083,2018-06-01 08:33:56
"THFHA","20180530","VR2W_104768_20131115_1.vrl",497285,2018-06-01 08:31:46
"THFHA","20180530","VR2W_104768_20140520_1.vrl",919099,2018-06-01 08:31:46
"THFHA","20180530","VR2W_104768_20140529_1.vrl",5858,2018-06-01 08:31:46
"THFHA","20180530","VR2W_104768_20141028_1.vrl",157025,2018-06-01 08:31:46
"THFHA","20180530","VR2W_104768_20150604_1.vrl",222314,2018-06-01 08:31:46
"THFHA","20180530","VR2W_104768_20151030_1.vrl",29167,2018-06-01 08:31:46
"THFHA","20180530","VR2W_104768_20160527_1.vrl",499269,2018-06-01 08:31:46
"THFHA","20180530","VR2W_104768_20161026_1.vrl",183539,2018-06-01 08:31:46
"THFHA","20180530","VR2W_104768_20170928_1.vrl",472301,2018-06-01 08:31:46
"THFHA","20180530","VR2W_104769_20110509_1.vrl",209685,2018-06-01 08:31:46
"THFHA","20180530","VR2W_104769_20110816_1.vrl",343414,2018-06-01 08:33:56
"THFHA","20180530","VR2W_104769_20111102_1.vrl",433756,2018-06-01 08:33:56
"THFHA","20180530","VR2W_104769_20120515_1.vrl",840802,2018-06-01 08:33:56
"THFHA","20180530","VR2W_104769_20121115_1.vrl",296259,2018-06-01 08:33:56
"THFHA","20180530","VR2W_104769_20130423_1.vrl",114852,2018-06-01 08:33:56
"THFHA","20180530","VR2W_104769_20131115_1.vrl",273553,2018-06-01 08:31:46
"THFHA","20180530","VR2W_104769_20140616_1.vrl",94049,2018-06-01 08:31:46
"THFHA","20180530","VR2W_104769_20141028_1.vrl",125534,2018-06-01 08:31:46
"THFHA","20180530","VR2W_104769_20150604_1.vrl",142878,2018-06-01 08:31:46
"THFHA","20180530","VR2W_104769_20151030_1.vrl",87034,2018-06-01 08:31:46
"THFHA","20180530","VR2W_104769_20160530_1.vrl",85599,2018-06-01 08:31:46
"THFHA","20180530","VR2W_104769_20161027_1.vrl",90431,2018-06-01 08:31:46
"THFHA","20180530","VR2W_104769_20171201_1.vrl",401676,2018-06-01 08:31:46
"THFHA","20180530","VR2W_104770_20110420_1.vrl",848458,2018-06-01 08:31:46
"THFHA","20180530","VR2W_104770_20110816_1.vrl",67639,2018-06-01 08:33:56
"THFHA","20180530","VR2W_104770_20111104_1.vrl",160095,2018-06-01 08:33:56
"THFHA","20180530","VR2W_104770_20120417_1.vrl",882968,2018-06-01 08:33:58
"THFHA","20180530","VR2W_104770_20121113_1.vrl",196209,2018-06-01 08:33:58
"THFHA","20180530","VR2W_104770_20130424_1.vrl",661122,2018-06-01 08:33:58
"THFHA","20180530","VR2W_104770_20131111_1.vrl",266254,2018-06-01 08:31:46
"THFHA","20180530","VR2W_104770_20140520_1.vrl",456438,2018-06-01 08:31:46
"THFHA","20180530","VR2W_104770_20141027_1.vrl",79819,2018-06-01 08:31:46
"THFHA","20180530","VR2W_104770_20150602_1.vrl",855441,2018-06-01 08:31:46
"THFHA","20180530","VR2W_104770_20151027_1.vrl",75290,2018-06-01 08:31:46
"THFHA","20180530","VR2W_104770_20160526_1.vrl",389883,2018-06-01 08:31:46
"THFHA","20180530","VR2W_104770_20161027_1.vrl",204957,2018-06-01 08:31:46
"THFHA","20180530","VR2W_104770_20170926_1.vrl",598894,2018-06-01 08:31:46
"THFHA","20180530","VR2W_104771_20110510_1.vrl",262500,2018-06-01 08:31:46
"THFHA","20180530","VR2W_104771_20110814_1.vrl",26708,2018-06-01 08:33:20
"THFHA","20180530","VR2W_104771_20111102_1.vrl",12693,2018-06-01 08:33:20
"THFHA","20180530","VR2W_104771_20120421_1.vrl",262141,2018-06-01 08:33:20
"THFHA","20180530","VR2W_104771_20121115_1.vrl",157261,2018-06-01 08:33:20
"THFHA","20180530","VR2W_104771_20130425_1.vrl",110017,2018-06-01 08:33:58
"THFHA","20180530","VR2W_104771_20131112_1.vrl",241659,2018-06-01 08:31:46
"THFHA","20180530","VR2W_104771_20140520_1.vrl",45057,2018-06-01 08:31:46
"THFHA","20180530","VR2W_104771_20140529_1.vrl",3763,2018-06-01 08:31:46
"THFHA","20180530","VR2W_104771_20141028_1.vrl",17334,2018-06-01 08:31:46
"THFHA","20180530","VR2W_104771_20150706_1.vrl",76624,2018-06-01 08:31:46
"THFHA","20180530","VR2W_104771_20151027_1.vrl",109145,2018-06-01 08:31:46
"THFHA","20180530","VR2W_104771_20160527_1.vrl",160511,2018-06-01 08:31:46
"THFHA","20180530","VR2W_104771_20161025_1.vrl",288022,2018-06-01 08:31:46
"THFHA","20180530","VR2W_104772_20110418_1.vrl",15603,2018-06-01 08:33:58
"THFHA","20180530","VR2W_104772_20110818_1.vrl",14221,2018-06-01 08:33:58
"THFHA","20180530","VR2W_104772_20111104_1.vrl",15068,2018-06-01 08:33:58
"THFHA","20180530","VR2W_104772_20120417_1.vrl",56083,2018-06-01 08:33:58
"THFHA","20180530","VR2W_104772_20121112_1.vrl",241481,2018-06-01 08:33:58
"THFHA","20180530","VR2W_104773_20110520_1.vrl",170290,2018-06-01 08:31:46
"THFHA","20180530","VR2W_104773_20110815_1.vrl",334230,2018-06-01 08:33:20
"THFHA","20180530","VR2W_104773_20111102_1.vrl",399746,2018-06-01 08:33:20
"THFHA","20180530","VR2W_104773_20120515_1.vrl",862777,2018-06-01 08:33:20
"THFHA","20180530","VR2W_104773_20121115_1.vrl",194661,2018-06-01 08:33:20
"THFHA","20180530","VR2W_104773_20130423_1.vrl",75812,2018-06-01 08:33:58
"THFHA","20180530","VR2W_104773_20131115_1.vrl",209616,2018-06-01 08:31:46
"THFHA","20180530","VR2W_104773_20140528_1.vrl",58482,2018-06-01 08:31:46
"THFHA","20180530","VR2W_104773_20141028_1.vrl",113090,2018-06-01 08:31:46
"THFHA","20180530","VR2W_104773_20150604_1.vrl",75734,2018-06-01 08:31:46
"THFHA","20180530","VR2W_104773_20151030_1.vrl",79587,2018-06-01 08:31:46
"THFHA","20180530","VR2W_104773_20160530_1.vrl",80016,2018-06-01 08:31:46
"THFHA","20180530","VR2W_104773_20161027_1.vrl",101432,2018-06-01 08:31:46
"THFHA","20180530","VR2W_104774_20110418_1.vrl",11865,2018-06-01 08:33:58
"THFHA","20180530","VR2W_104774_20110818_1.vrl",34037,2018-06-01 08:33:58
"THFHA","20180530","VR2W_104774_20111104_1.vrl",22960,2018-06-01 08:33:58
"THFHA","20180530","VR2W_104774_20120417_1.vrl",1182,2018-06-01 08:33:58
"THFHA","20180530","VR2W_104774_20121112_1.vrl",148370,2018-06-01 08:33:58
"THFHA","20180531","VR2W_104774_20130418_1.vrl",44181,2018-06-01 08:33:58
"THFHA","20180531","VR2W_104774_20131121_1.vrl",750947,2018-06-01 08:31:46
"THFHA","20180531","VR2W_104774_20140520_1.vrl",539581,2018-06-01 08:31:46
"THFHA","20180531","VR2W_104774_20140527_1.vrl",42204,2018-06-01 08:31:46
"THFHA","20180531","VR2W_104774_20141030_1.vrl",1040677,2018-06-01 08:31:46
"THFHA","20180531","VR2W_104774_20150604_1.vrl",398144,2018-06-01 08:31:46
"THFHA","20180531","VR2W_104774_20151112_1.vrl",533547,2018-06-01 08:31:46
"THFHA","20180531","VR2W_104774_20160527_1.vrl",723710,2018-06-01 08:31:46
"THFHA","20180531","VR2W_104774_20161025_1.vrl",941367,2018-06-01 08:31:46
"THFHA","20180531","VR2W_104774_20170928_1.vrl",1283084,2018-06-01 08:31:46
"THFHA","20180531","VR2W_104776_20110418_1.vrl",3754,2018-06-01 08:31:46
"THFHA","20180531","VR2W_104776_20110818_1.vrl",6936,2018-06-01 08:33:58
"THFHA","20180531","VR2W_104776_20111215_1.vrl",5767,2018-06-01 08:33:58
"THFHA","20180531","VR2W_104776_20120421_1.vrl",6335,2018-06-01 08:33:58
"THFHA","20180531","VR2W_104776_20121112_1.vrl",59982,2018-06-01 08:33:58
"THFHA","20180531","VR2W_104776_20130424_1.vrl",59510,2018-06-01 08:33:58
"THFHA","20180531","VR2W_104776_20131112_1.vrl",84259,2018-06-01 08:31:46
"THFHA","20180531","VR2W_104776_20140520_1.vrl",37357,2018-06-01 08:31:46
"THFHA","20180531","VR2W_104776_20141027_1.vrl",22222,2018-06-01 08:31:46
"THFHA","20180531","VR2W_104776_20150604_1.vrl",87808,2018-06-01 08:31:46
"THFHA","20180531","VR2W_104776_20151027_1.vrl",50234,2018-06-01 08:31:46
"THFHA","20180531","VR2W_104776_20160524_1.vrl",110102,2018-06-01 08:31:48
"THFHA","20180531","VR2W_104776_20161026_1.vrl",52615,2018-06-01 08:31:48
"THFHA","20180531","VR2W_104776_20170926_1.vrl",180022,2018-06-01 08:31:48
"THFHA","20180531","VR2W_104777_20110419_1.vrl",1387174,2018-06-01 08:31:48
"THFHA","20180531","VR2W_104777_20110814_1.vrl",794711,2018-06-01 08:33:20
"THFHA","20180531","VR2W_104777_20111103_1.vrl",517786,2018-06-01 08:33:20
"THFHA","20180531","VR2W_104777_20120421_1.vrl",759384,2018-06-01 08:33:20
"THFHA","20180531","VR2W_104777_20121214_1.vrl",2210239,2018-06-01 08:33:20
"THFHA","20180531","VR2W_104777_20130425_1.vrl",246556,2018-06-01 08:33:58
"THFHA","20180531","VR2W_104777_20130812_1.vrl",519615,2018-06-01 08:31:48
"THFHA","20180531","VR2W_104777_20131118_1.vrl",1541409,2018-06-01 08:31:48
"THFHA","20180531","VR2W_104777_20140523_1.vrl",3419437,2018-06-01 08:31:48
"THFHA","20180531","VR2W_104777_20141030_1.vrl",2649854,2018-06-01 08:31:48
"THFHA","20180531","VR2W_104777_20150601_1.vrl",4611712,2018-06-01 08:31:48
"THFHA","20180531","VR2W_104777_20151111_1.vrl",2315477,2018-06-01 08:31:48
"THFHA","20180531","VR2W_104777_20160525_1.vrl",3549841,2018-06-01 08:31:48
"THFHA","20180531","VR2W_104777_20161024_1.vrl",1982914,2018-06-01 08:31:48
"THFHA","20180531","VR2W_104778_20110419_1.vrl",268385,2018-06-01 08:31:48
"THFHA","20180531","VR2W_104778_20110814_1.vrl",224857,2018-06-01 08:33:20
"THFHA","20180531","VR2W_104778_20111103_1.vrl",389195,2018-06-01 08:33:20
"THFHA","20180531","VR2W_104778_20120421_1.vrl",1116709,2018-06-01 08:33:20
"THFHA","20180531","VR2W_104778_20121115_1.vrl",543360,2018-06-01 08:33:20
"THFHA","20180531","VR2W_104778_20130425_1.vrl",81536,2018-06-01 08:33:58
"THFHA","20180531","VR2W_104778_20131115_1.vrl",65491,2018-06-01 08:31:48
"THFHA","20180531","VR2W_104778_20140520_1.vrl",34111,2018-06-01 08:31:48
"THFHA","20180531","VR2W_104778_20140527_1.vrl",5563,2018-06-01 08:31:48
"THFHA","20180531","VR2W_104778_20141030_1.vrl",49388,2018-06-01 08:31:48
"THFHA","20180531","VR2W_104778_20150605_1.vrl",25681,2018-06-01 08:31:48
"THFHA","20180531","VR2W_104778_20151027_1.vrl",43795,2018-06-01 08:31:48
"THFHA","20180531","VR2W_104778_20160527_1.vrl",266318,2018-06-01 08:31:48
"THFHA","20180531","VR2W_104778_20161025_1.vrl",267891,2018-06-01 08:31:48
"THFHA","20180531","VR2W_105260_20110419_1.vrl",1118271,2018-06-01 08:31:48
"THFHA","20180531","VR2W_105260_20110816_1.vrl",897707,2018-06-01 08:33:58
"THFHA","20180531","VR2W_105260_20111102_1.vrl",478913,2018-06-01 08:33:58
"THFHA","20180531","VR2W_105260_20120516_1.vrl",1662182,2018-06-01 08:33:58
"THFHA","20180531","VR2W_105260_20121115_1.vrl",1501175,2018-06-01 08:33:58
"THFHA","20180531","VR2W_105260_20130425_1.vrl",1130749,2018-06-01 08:33:58
"THFHA","20180531","VR2W_105260_20131112_1.vrl",1936804,2018-06-01 08:31:48
"THFHA","20180531","VR2W_105260_20140527_1.vrl",3573420,2018-06-01 08:31:48
"THFHA","20180531","VR2W_105260_20141029_1.vrl",3407426,2018-06-01 08:31:48
"THFHA","20180531","VR2W_105260_20161025_1.vrl",3608395,2018-06-01 08:31:48
"THFHA","20180531","VR2W_105260_20170608_1.vrl",3501812,2018-06-01 08:31:48
"THFHA","20180531","VR2W_105260_20170928_1.vrl",571993,2018-06-01 08:31:48
"THFHA","20180531","VR2W_105463_20121022_1.vrl",32877,2018-06-01 08:33:58
"THFHA","20180531","VR2W_105463_20130417_1.vrl",221824,2018-06-01 08:33:58
"THFHA","20180531","VR2W_105463_20130611_1.vrl",69581,2018-06-01 08:33:06
"THFHA","20180531","VR2W_105463_20130812_1.vrl",228924,2018-06-01 08:33:06
"THFHA","20180531","VR2W_105463_20131119_1.vrl",1050234,2018-06-01 08:33:06
"THFHA","20180531","VR2W_105463_20140523_1.vrl",2072249,2018-06-01 08:33:06
"THFHA","20180531","VR2W_105463_20141030_1.vrl",1898433,2018-06-01 08:33:06
"THFHA","20180531","VR2W_105467_20110816_1.vrl",512106,2018-06-01 08:33:58
"THFHA","20180531","VR2W_105467_20111215_1.vrl",982009,2018-06-01 08:33:58
"THFHA","20180531","VR2W_105467_20120516_1.vrl",249574,2018-06-01 08:33:58
"THFHA","20180531","VR2W_105467_20121115_1.vrl",1517811,2018-06-01 08:33:58
"THFHA","20180531","VR2W_105467_20130425_1.vrl",991147,2018-06-01 08:33:58
"THFHA","20180531","VR2W_105467_20140529_1.vrl",3203877,2018-06-01 08:31:48
"THFHA","20180531","VR2W_105467_20150706_1.vrl",5160596,2018-06-01 08:31:48
"THFHA","20180531","VR2W_105467_20160527_1.vrl",5091480,2018-06-01 08:31:48
"THFHA","20180531","VR2W_105468_20130419_1.vrl",10566,2018-06-01 08:33:58
"THFHA","20180531","VR2W_105468_20130419_2.vrl",10576,2018-06-01 08:33:58
"THFHA","20180531","VR2W_105468_20131121_1.vrl",752594,2018-06-01 08:31:48
"THFHA","20180531","VR2W_105468_20140529_1.vrl",370878,2018-06-01 08:31:48
"THFHA","20180531","VR2W_105468_20141031_1.vrl",1137717,2018-06-01 08:31:48
"THFHA","20180531","VR2W_105468_20150605_1.vrl",3540037,2018-06-01 08:31:48
"THFHA","20180531","VR2W_105468_20151111_1.vrl",228810,2018-06-01 08:31:48
"THFHA","20180531","VR2W_105468_20160531_1.vrl",772198,2018-06-01 08:31:48
"THFHA","20180531","VR2W_105468_20161028_1.vrl",46514,2018-06-01 08:31:48
"THFHA","20180531","VR2W_105468_20171002_1.vrl",145379,2018-06-01 08:31:48
"THFHA","20180531","VR2W_105539_20110817_1.vrl",105491,2018-06-01 08:33:58
"THFHA","20180531","VR2W_105539_20111109_1.vrl",2386,2018-06-01 08:33:58
"THFHA","20180531","VR2W_105539_20120419_1.vrl",125711,2018-06-01 08:33:58
"THFHA","20180531","VR2W_105539_20121023_1.vrl",92493,2018-06-01 08:33:58
"THFHA","20180531","VR2W_105540_20110815_1.vrl",14269,2018-06-01 08:33:58
"THFHA","20180531","VR2W_105540_20111103_1.vrl",11421,2018-06-01 08:33:58
"THFHA","20180531","VR2W_105540_20120508_1.vrl",4603,2018-06-01 08:33:58
"THFHA","20180531","VR2W_105540_20121114_1.vrl",8476,2018-06-01 08:33:58
"THFHA","20180531","VR2W_107322_20120912_1.vrl",18613,2018-06-01 08:33:58
"THFHA","20180531","VR2W_107322_20130417_1.vrl",199582,2018-06-01 08:33:58
"THFHA","20180531","VR2W_107322_20130611_1.vrl",88011,2018-06-01 08:33:58
"THFHA","20180601","VR2W_107328_20121022_1.vrl",69499,2018-06-01 08:33:58
"THFHA","20180601","VR2W_107328_20130417_1.vrl",208608,2018-06-01 08:33:58
"THFHA","20180601","VR2W_107328_20131114_1.vrl",168537,2018-06-01 08:33:06
"THFHA","20180601","VR2W_107328_20140522_1.vrl",156800,2018-06-01 08:33:06
"THFHA","20180601","VR2W_107328_20141029_1.vrl",19595,2018-06-01 08:33:06
"THFHA","20180601","VR2W_107328_20150602_1.vrl",486362,2018-06-01 08:33:06
"THFHA","20180601","VR2W_107329_20121023_1.vrl",16281,2018-06-01 08:33:58
"THFHA","20180601","VR2W_107329_20130419_1.vrl",9301,2018-06-01 08:33:58
"THFHA","20180601","VR2W_107329_20131121_1.vrl",758650,2018-06-01 08:31:48
"THFHA","20180601","VR2W_107329_20140527_1.vrl",841272,2018-06-01 08:31:48
"THFHA","20180601","VR2W_107329_20141031_1.vrl",977930,2018-06-01 08:31:48
"THFHA","20180601","VR2W_107329_20150605_1.vrl",1678122,2018-06-01 08:31:48
"THFHA","20180601","VR2W_107329_20151111_1.vrl",837332,2018-06-01 08:31:48
"THFHA","20180601","VR2W_107329_20160531_1.vrl",328240,2018-06-01 08:31:48
"THFHA","20180601","VR2W_107331_20130419_1.vrl",5253,2018-06-01 08:33:58
"THFHA","20180601","VR2W_107331_20131120_1.vrl",702762,2018-06-01 08:31:48
"THFHA","20180601","VR2W_107331_20140529_1.vrl",483193,2018-06-01 08:31:48
"THFHA","20180601","VR2W_107331_20141031_1.vrl",1960146,2018-06-01 08:31:48
"THFHA","20180601","VR2W_107331_20150605_1.vrl",1038884,2018-06-01 08:31:50
"THFHA","20180601","VR2W_107331_20151111_1.vrl",1310333,2018-06-01 08:31:50
"THFHA","20180601","VR2W_107331_20160531_1.vrl",415648,2018-06-01 08:31:50
"THFHA","20180601","VR2W_107331_20161028_1.vrl",67389,2018-06-01 08:31:50
"THFHA","20180601","VR2W_107332_20121112_1.vrl",94256,2018-06-01 08:33:58
"THFHA","20180601","VR2W_107332_20130425_1.vrl",226926,2018-06-01 08:33:58
"THFHA","20180601","VR2W_107332_20130611_1.vrl",51682,2018-06-01 08:33:06
"THFHA","20180601","VR2W_107332_20130812_1.vrl",286862,2018-06-01 08:33:06
"THFHA","20180601","VR2W_107332_20131121_1.vrl",1369663,2018-06-01 08:33:06
"THFHA","20180601","VR2W_107332_20140523_1.vrl",4286793,2018-06-01 08:33:06
"THFHA","20180601","VR2W_107332_20141030_1.vrl",2424774,2018-06-01 08:33:06
"THFHA","20180601","VR2W_109215_20110418_1.vrl",3698,2018-06-01 08:31:50
"THFHA","20180601","VR2W_109215_20110818_1.vrl",7440,2018-06-01 08:33:58
"THFHA","20180601","VR2W_109215_20111104_1.vrl",14436,2018-06-01 08:33:58
"THFHA","20180601","VR2W_109215_20120417_1.vrl",20102,2018-06-01 08:33:58
"THFHA","20180601","VR2W_109215_20121112_1.vrl",154628,2018-06-01 08:33:58
"THFHA","20180601","VR2W_109215_20130424_1.vrl",216723,2018-06-01 08:33:58
"THFHA","20180601","VR2W_109215_20140805_1.vrl",381780,2018-06-01 08:31:50
"THFHA","20180601","VR2W_109215_20141027_1.vrl",23062,2018-06-01 08:31:50
"THFHA","20180601","VR2W_109215_20150604_1.vrl",232537,2018-06-01 08:31:50
"THFHA","20180601","VR2W_109215_20151027_1.vrl",44722,2018-06-01 08:31:50
"THFHA","20180601","VR2W_109215_20160524_1.vrl",94243,2018-06-01 08:31:50
"THFHA","20180601","VR2W_109215_20161026_1.vrl",59471,2018-06-01 08:31:50
"THFHA","20180601","VR2W_109215_20170926_1.vrl",332397,2018-06-01 08:31:50
"THFHA","20180601","VR2W_109216_20120912_1.vrl",29630,2018-06-01 08:33:58
"THFHA","20180601","VR2W_109216_20130417_1.vrl",245558,2018-06-01 08:33:58
"THFHA","20180601","VR2W_109216_20131114_1.vrl",372856,2018-06-01 08:33:06
"THFHA","20180601","VR2W_109216_20140529_1.vrl",455770,2018-06-01 08:33:08
"THFHA","20180601","VR2W_109216_20141029_1.vrl",171925,2018-06-01 08:33:08
"THFHA","20180601","VR2W_109216_20150602_1.vrl",889299,2018-06-01 08:33:08
"THFHA","20180601","VR2W_109217_20110419_1.vrl",81774,2018-06-01 08:33:20
"THFHA","20180601","VR2W_109217_20110817_1.vrl",174284,2018-06-01 08:33:20
"THFHA","20180601","VR2W_109217_20111109_1.vrl",100237,2018-06-01 08:33:20
"THFHA","20180601","VR2W_109217_20120418_1.vrl",122092,2018-06-01 08:33:20
"THFHA","20180601","VR2W_109218_20110509_1.vrl",161750,2018-06-01 08:31:50
"THFHA","20180601","VR2W_109218_20110815_1.vrl",404431,2018-06-01 08:33:20
"THFHA","20180601","VR2W_109218_20111102_1.vrl",538971,2018-06-01 08:33:20
"THFHA","20180601","VR2W_109218_20120515_1.vrl",857591,2018-06-01 08:33:20
"THFHA","20180601","VR2W_109218_20121115_1.vrl",297799,2018-06-01 08:33:20
"THFHA","20180601","VR2W_109218_20130423_1.vrl",171695,2018-06-01 08:33:58
"THFHA","20180601","VR2W_109218_20131115_1.vrl",270456,2018-06-01 08:31:50
"THFHA","20180601","VR2W_109218_20140528_1.vrl",80052,2018-06-01 08:31:50
"THFHA","20180601","VR2W_109218_20141028_1.vrl",157772,2018-06-01 08:31:50
"THFHA","20180601","VR2W_109218_20150604_1.vrl",91533,2018-06-01 08:31:50
"THFHA","20180601","VR2W_109218_20151030_1.vrl",103569,2018-06-01 08:31:50
"THFHA","20180601","VR2W_109218_20160530_1.vrl",148993,2018-06-01 08:31:50
"THFHA","20180601","VR2W_109218_20161027_1.vrl",116346,2018-06-01 08:31:50
"THFHA","20180601","VR2W_109218_20171016_1.vrl",1541119,2018-06-01 08:31:50
"THFHA","20180601","VR2W_109219_20110419_1.vrl",513346,2018-06-01 08:31:50
"THFHA","20180601","VR2W_109219_20110816_1.vrl",129543,2018-06-01 08:33:20
"THFHA","20180601","VR2W_109219_20111103_1.vrl",251676,2018-06-01 08:33:20
"THFHA","20180601","VR2W_109219_20120418_1.vrl",726871,2018-06-01 08:33:20
"THFHA","20180601","VR2W_109219_20121112_1.vrl",308031,2018-06-01 08:33:20
"THFHA","20180601","VR2W_109219_20130426_1.vrl",267669,2018-06-01 08:33:58
"THFHA","20180601","VR2W_109219_20131112_1.vrl",594983,2018-06-01 08:31:50
"THFHA","20180601","VR2W_109219_20140529_1.vrl",1019363,2018-06-01 08:31:50
"THFHA","20180601","VR2W_109219_20141028_1.vrl",1023468,2018-06-01 08:31:50
"THFHA","20180601","VR2W_109219_20150604_1.vrl",1185459,2018-06-01 08:31:50
"THFHA","20180601","VR2W_109219_20151030_1.vrl",773381,2018-06-01 08:31:50
"THFHA","20180601","VR2W_109219_20160530_1.vrl",672608,2018-06-01 08:31:50
"THFHA","20180601","VR2W_109219_20161027_1.vrl",366713,2018-06-01 08:31:50
"THFHA","20180601","VR2W_109219_20171016_1.vrl",1841138,2018-06-01 08:31:50
"THFHA","20180601","VR2W_109220_20110509_1.vrl",808496,2018-06-01 08:32:52
"THFHA","20180601","VR2W_109220_20110817_1.vrl",534528,2018-06-01 08:33:58
"THFHA","20180601","VR2W_109220_20111109_1.vrl",313250,2018-06-01 08:33:58
"THFHA","20180601","VR2W_109220_20120419_1.vrl",230591,2018-06-01 08:33:58
"THFHA","20180601","VR2W_109220_20121023_1.vrl",3421,2018-06-01 08:33:58
"THFHA","20180601","VR2W_109220_20130426_1.vrl",3657,2018-06-01 08:33:58
"THFHA","20180601","VR2W_109220_20131121_1.vrl",6729,2018-06-01 08:32:52
"THFHA","20180601","VR2W_109220_20140527_1.vrl",6938,2018-06-01 08:32:52
"THFHA","20180601","VR2W_109220_20141031_1.vrl",5630,2018-06-01 08:32:52
"THFHA","20180601","VR2W_109220_20150605_1.vrl",7286,2018-06-01 08:32:52
"THFHA","20180601","VR2W_109220_20151111_1.vrl",5678,2018-06-01 08:32:52
"THFHA","20180601","VR2W_109220_20160531_1.vrl",6937,2018-06-01 08:32:52
"THFHA","20180601","VR2W_109220_20161028_1.vrl",5484,2018-06-01 08:32:52
"THFHA","20180601","VR2W_109220_20171002_1.vrl",182054,2018-06-01 08:32:52
"THFHA","20180601","VR2W_109369_20120913_1.vrl",44094,2018-06-01 08:33:58
"THFHA","20180601","VR2W_109369_20130417_1.vrl",244027,2018-06-01 08:33:58
"THFHA","20180601","VR2W_109369_20130611_1.vrl",91214,2018-06-01 08:33:58
"THFHA","20180601","VR2W_109370_20121113_1.vrl",83319,2018-06-01 08:33:58
"THFHA","20180601","VR2W_109370_20130424_1.vrl",70960,2018-06-01 08:33:58
"THFHA","20180601","VR2W_109370_20131111_1.vrl",157191,2018-06-01 08:31:50
"THFHA","20180602","VR2W_109370_20140805_1.vrl",351660,2018-06-01 08:31:50
"THFHA","20180602","VR2W_109370_20141027_1.vrl",49256,2018-06-01 08:31:50
"THFHA","20180602","VR2W_109370_20150604_1.vrl",410169,2018-06-01 08:31:50
"THFHA","20180602","VR2W_109370_20151027_1.vrl",242318,2018-06-01 08:31:50
"THFHA","20180602","VR2W_109370_20160526_1.vrl",123958,2018-06-01 08:31:50
"THFHA","20180602","VR2W_109370_20161026_1.vrl",43095,2018-06-01 08:31:50
"THFHA","20180602","VR2W_109371_20120912_1.vrl",45354,2018-06-01 08:33:58
"THFHA","20180602","VR2W_109371_20121114_1.vrl",94574,2018-06-01 08:33:58
"THFHA","20180602","VR2W_109371_20130418_1.vrl",433500,2018-06-01 08:33:58
"THFHA","20180602","VR2W_109371_20131114_1.vrl",865385,2018-06-01 08:33:58
"THFHA","20180602","VR2W_109371_20140522_1.vrl",871125,2018-06-01 08:33:58
"THFHA","20180602","VR2W_109371_20141029_1.vrl",607494,2018-06-01 08:33:58
"THFHA","20180602","VR2W_109371_20150608_1.vrl",1262066,2018-06-01 08:33:58
"THFHA","20180602","VR2W_109372_20120912_1.vrl",47209,2018-06-01 08:33:58
"THFHA","20180602","VR2W_109372_20130610_1.vrl",648678,2018-06-01 08:32:52
"THFHA","20180602","VR2W_109372_20131114_1.vrl",692104,2018-06-01 08:32:52
"THFHA","20180602","VR2W_109372_20140522_1.vrl",935126,2018-06-01 08:32:52
"THFHA","20180602","VR2W_109372_20141029_1.vrl",739302,2018-06-01 08:32:52
"THFHA","20180602","VR2W_109372_20150603_1.vrl",1544119,2018-06-01 08:32:52
"THFHA","20180602","VR2W_109372_20151026_1.vrl",767342,2018-06-01 08:32:52
"THFHA","20180602","VR2W_109372_20160524_1.vrl",1554075,2018-06-01 08:32:52
"THFHA","20180602","VR2W_109372_20161026_1.vrl",808492,2018-06-01 08:32:52
"THFHA","20180602","VR2W_109372_20170926_1.vrl",1388932,2018-06-01 08:32:52
"THFHA","20180602","VR2W_109373_20120912_1.vrl",52853,2018-06-01 08:33:58
"THFHA","20180602","VR2W_109373_20130418_1.vrl",545412,2018-06-01 08:33:58
"THFHA","20180602","VR2W_109373_20131114_1.vrl",1186442,2018-06-01 08:33:58
"THFHA","20180602","VR2W_109373_20140522_1.vrl",1135484,2018-06-01 08:33:58
"THFHA","20180602","VR2W_109373_20141029_1.vrl",664480,2018-06-01 08:33:58
"THFHA","20180602","VR2W_109373_20150608_1.vrl",1303876,2018-06-01 08:33:58
"THFHA","20180602","VR2W_109375_20130502_1.vrl",1421,2018-06-01 08:33:58
"THFHA","20180602","VR2W_109375_20130502_2.vrl",2668,2018-06-01 08:33:58
"THFHA","20180602","VR2W_109375_20130502_3.vrl",1987,2018-06-01 08:33:58
"THFHA","20180602","VR2W_109375_20130503_1.vrl",4335,2018-06-01 08:33:58
"THFHA","20180602","VR2W_109376_20120912_1.vrl",46737,2018-06-01 08:33:58
"THFHA","20180602","VR2W_109376_20130417_1.vrl",392776,2018-06-01 08:33:58
"THFHA","20180602","VR2W_109376_20131114_1.vrl",679944,2018-06-01 08:33:58
"THFHA","20180602","VR2W_109376_20140522_1.vrl",735317,2018-06-01 08:33:58
"THFHA","20180602","VR2W_109376_20141029_1.vrl",593904,2018-06-01 08:33:58
"THFHA","20180602","VR2W_109376_20150608_1.vrl",1451714,2018-06-01 08:33:58
"THFHA","20180602","VR2W_109378_20121112_1.vrl",94313,2018-06-01 08:33:58
"THFHA","20180602","VR2W_109378_20130425_1.vrl",147640,2018-06-01 08:33:58
"THFHA","20180602","VR2W_109378_20131114_1.vrl",130938,2018-06-01 08:32:52
"THFHA","20180602","VR2W_109378_20141029_1.vrl",12620,2018-06-01 08:32:52
"THFHA","20180602","VR2W_109378_20150706_1.vrl",442885,2018-06-01 08:32:52
"THFHA","20180602","VR2W_109378_20151026_1.vrl",19769,2018-06-01 08:32:52
"THFHA","20180602","VR2W_109378_20160524_1.vrl",220753,2018-06-01 08:32:52
"THFHA","20180602","VR2W_109378_20161026_1.vrl",26454,2018-06-01 08:32:52
"THFHA","20180602","VR2W_109378_20170927_1.vrl",71180,2018-06-01 08:32:52
"THFHA","20180602","VR2W_109385_20120912_1.vrl",53007,2018-06-01 08:33:58
"THFHA","20180602","VR2W_109385_20130417_1.vrl",275307,2018-06-01 08:33:58
"THFHA","20180602","VR2W_109385_20130611_1.vrl",103028,2018-06-01 08:33:58
"THFHA","20180602","VR2W_109387_20120912_1.vrl",56787,2018-06-01 08:33:58
"THFHA","20180602","VR2W_109387_20130611_1.vrl",969781,2018-06-01 08:33:58
"THFHA","20180602","VR2W_109387_20131114_1.vrl",1175415,2018-06-01 08:33:58
"THFHA","20180602","VR2W_109387_20140522_1.vrl",771515,2018-06-01 08:33:58
"THFHA","20180602","VR2W_109387_20141029_1.vrl",1282683,2018-06-01 08:33:58
"THFHA","20180602","VR2W_109387_20150602_1.vrl",1243611,2018-06-01 08:33:58
"THFHA","20180602","VR2W_109389_20130416_1.vrl",1155,2018-06-01 08:33:58
"THFHA","20180602","VR2W_109390_20120912_1.vrl",47952,2018-06-01 08:33:58
"THFHA","20180602","VR2W_109390_20130417_1.vrl",403004,2018-06-01 08:33:58
"THFHA","20180602","VR2W_109390_20131114_1.vrl",991708,2018-06-01 08:33:58
"THFHA","20180602","VR2W_109390_20140522_1.vrl",446304,2018-06-01 08:33:58
"THFHA","20180602","VR2W_109390_20141029_1.vrl",664996,2018-06-01 08:34:00
"THFHA","20180602","VR2W_109390_20150602_1.vrl",881328,2018-06-01 08:34:00
"THFHA","20180602","VR2W_109392_20120912_1.vrl",50591,2018-06-01 08:34:00
"THFHA","20180602","VR2W_109392_20130611_1.vrl",842030,2018-06-01 08:34:00
"THFHA","20180602","VR2W_109392_20131114_1.vrl",892496,2018-06-01 08:34:00
"THFHA","20180602","VR2W_109392_20140522_1.vrl",918349,2018-06-01 08:34:00
"THFHA","20180602","VR2W_109392_20141029_1.vrl",795880,2018-06-01 08:34:00
"THFHA","20180602","VR2W_109392_20150608_1.vrl",1898743,2018-06-01 08:34:00
"THFHA","20180602","VR2W_109393_20120912_1.vrl",44967,2018-06-01 08:34:00
"THFHA","20180602","VR2W_109393_20130417_1.vrl",530809,2018-06-01 08:34:00
"THFHA","20180602","VR2W_109393_20131114_1.vrl",1180423,2018-06-01 08:32:52
"THFHA","20180602","VR2W_109393_20140522_1.vrl",620964,2018-06-01 08:32:52
"THFHA","20180602","VR2W_109393_20141029_1.vrl",955397,2018-06-01 08:32:52
"THFHA","20180602","VR2W_109393_20150602_1.vrl",1000721,2018-06-01 08:32:52
"THFHA","20180602","VR2W_109393_20151026_1.vrl",776712,2018-06-01 08:32:52
"THFHA","20180602","VR2W_109393_20161026_1.vrl",1872621,2018-06-01 08:32:52
"THFHA","20180602","VR2W_109393_20170926_1.vrl",1435228,2018-06-01 08:32:52
"THFHA","20180602","VR2W_109769_20121022_1.vrl",69979,2018-06-01 08:34:00
"THFHA","20180602","VR2W_109769_20130417_1.vrl",50133,2018-06-01 08:34:00
"THFHA","20180602","VR2W_109769_20130611_1.vrl",69333,2018-06-01 08:33:08
"THFHA","20180602","VR2W_109769_20130813_1.vrl",724039,2018-06-01 08:33:08
"THFHA","20180602","VR2W_109769_20131118_1.vrl",1604427,2018-06-01 08:33:08
"THFHA","20180602","VR2W_109769_20140523_1.vrl",3470335,2018-06-01 08:33:08
"THFHA","20180602","VR2W_109769_20141030_1.vrl",3006940,2018-06-01 08:33:08
"THFHA","20180602","VR2W_111031_20110520_1.vrl",165809,2018-06-01 08:31:50
"THFHA","20180602","VR2W_111031_20110818_1.vrl",209654,2018-06-01 08:34:00
"THFHA","20180602","VR2W_111031_20111103_1.vrl",370940,2018-06-01 08:34:00
"THFHA","20180602","VR2W_111031_20120515_1.vrl",670240,2018-06-01 08:34:00
"THFHA","20180602","VR2W_111031_20121114_1.vrl",102185,2018-06-01 08:34:00
"THFHA","20180602","VR2W_111031_20130423_1.vrl",77563,2018-06-01 08:34:00
"THFHA","20180602","VR2W_111031_20131115_1.vrl",32626,2018-06-01 08:31:50
"THFHA","20180602","VR2W_111031_20140528_1.vrl",46004,2018-06-01 08:31:50
"THFHA","20180602","VR2W_111032_20110510_1.vrl",177809,2018-06-01 08:31:50
"THFHA","20180602","VR2W_111032_20110815_1.vrl",546476,2018-06-01 08:31:50
"THFHA","20180602","VR2W_111032_20111103_1.vrl",376836,2018-06-01 08:34:00
"THFHA","20180602","VR2W_111032_20120515_1.vrl",767744,2018-06-01 08:34:00
"THFHA","20180602","VR2W_111032_20121114_1.vrl",157741,2018-06-01 08:34:00
"THFHA","20180602","VR2W_111032_20130426_1.vrl",130405,2018-06-01 08:34:00
"THFHA","20180603","VR2W_111032_20131115_1.vrl",245003,2018-06-01 08:31:50
"THFHA","20180603","VR2W_111032_20140528_1.vrl",67754,2018-06-01 08:31:50
"THFHA","20180603","VR2W_111032_20141028_1.vrl",83183,2018-06-01 08:31:50
"THFHA","20180603","VR2W_111032_20150604_1.vrl",79347,2018-06-01 08:31:50
"THFHA","20180603","VR2W_111032_20150706_1.vrl",6085,2018-06-01 08:31:50
"THFHA","20180603","VR2W_111032_20151030_1.vrl",40350,2018-06-01 08:31:50
"THFHA","20180603","VR2W_111032_20160530_1.vrl",59954,2018-06-01 08:31:50
"THFHA","20180603","VR2W_111032_20161027_1.vrl",90440,2018-06-01 08:31:50
"THFHA","20180603","VR2W_111032_20171016_1.vrl",466890,2018-06-01 08:31:50
"THFHA","20180603","VR2W_111033_20110510_1.vrl",169863,2018-06-01 08:31:50
"THFHA","20180603","VR2W_111033_20110815_1.vrl",276189,2018-06-01 08:33:20
"THFHA","20180603","VR2W_111033_20111102_1.vrl",411610,2018-06-01 08:33:20
"THFHA","20180603","VR2W_111033_20120515_1.vrl",786074,2018-06-01 08:33:20
"THFHA","20180603","VR2W_111033_20121022_1.vrl",93954,2018-06-01 08:33:20
"THFHA","20180603","VR2W_111033_20130423_1.vrl",203264,2018-06-01 08:34:00
"THFHA","20180603","VR2W_111033_20131115_1.vrl",167040,2018-06-01 08:31:50
"THFHA","20180603","VR2W_111033_20140805_1.vrl",36551,2018-06-01 08:31:50
"THFHA","20180603","VR2W_111033_20150604_1.vrl",24350,2018-06-01 08:31:50
"THFHA","20180603","VR2W_111033_20160530_1.vrl",43081,2018-06-01 08:31:50
"THFHA","20180603","VR2W_111033_20171016_1.vrl",245201,2018-06-01 08:31:50
"THFHA","20180603","VR2W_111034_20110818_1.vrl",499549,2018-06-01 08:31:50
"THFHA","20180603","VR2W_111034_20111102_1.vrl",457906,2018-06-01 08:33:20
"THFHA","20180603","VR2W_111034_20120508_1.vrl",649620,2018-06-01 08:33:20
"THFHA","20180603","VR2W_111034_20121114_1.vrl",97419,2018-06-01 08:33:20
"THFHA","20180603","VR2W_111034_20130423_1.vrl",49643,2018-06-01 08:34:00
"THFHA","20180603","VR2W_111034_20131115_1.vrl",294790,2018-06-01 08:31:50
"THFHA","20180603","VR2W_111034_20140528_1.vrl",81981,2018-06-01 08:31:50
"THFHA","20180603","VR2W_111034_20141028_1.vrl",33235,2018-06-01 08:31:50
"THFHA","20180603","VR2W_111034_20150604_1.vrl",24645,2018-06-01 08:31:50
"THFHA","20180603","VR2W_111034_20151030_1.vrl",19508,2018-06-01 08:31:50
"THFHA","20180603","VR2W_111034_20160530_1.vrl",36333,2018-06-01 08:31:50
"THFHA","20180603","VR2W_111034_20161027_1.vrl",42283,2018-06-01 08:31:50
"THFHA","20180603","VR2W_111034_20171201_1.vrl",267607,2018-06-01 08:31:50
"THFHA","20180603","VR2W_111035_20110427_1.vrl",121760,2018-06-01 08:31:50
"THFHA","20180603","VR2W_111035_20110818_1.vrl",413866,2018-06-01 08:31:50
"THFHA","20180603","VR2W_111035_20111102_1.vrl",405045,2018-06-01 08:33:20
"THFHA","20180603","VR2W_111035_20120508_1.vrl",624274,2018-06-01 08:33:20
"THFHA","20180603","VR2W_111035_20121114_1.vrl",91055,2018-06-01 08:33:20
"THFHA","20180603","VR2W_111035_20130426_1.vrl",60256,2018-06-01 08:34:00
"THFHA","20180603","VR2W_111035_20131115_1.vrl",445051,2018-06-01 08:31:50
"THFHA","20180603","VR2W_111035_20140528_1.vrl",371834,2018-06-01 08:31:50
"THFHA","20180603","VR2W_111035_20141028_1.vrl",35198,2018-06-01 08:31:50
"THFHA","20180603","VR2W_111035_20150604_1.vrl",160151,2018-06-01 08:31:50
"THFHA","20180603","VR2W_111035_20151030_1.vrl",25421,2018-06-01 08:31:50
"THFHA","20180603","VR2W_113143_20120912_1.vrl",46581,2018-06-01 08:34:00
"THFHA","20180603","VR2W_113143_20130417_1.vrl",982152,2018-06-01 08:34:00
"THFHA","20180603","VR2W_113143_20131114_1.vrl",1542746,2018-06-01 08:34:00
"THFHA","20180603","VR2W_113143_20140522_1.vrl",772541,2018-06-01 08:34:00
"THFHA","20180603","VR2W_113143_20141029_1.vrl",940548,2018-06-01 08:34:00
"THFHA","20180603","VR2W_113143_20150602_1.vrl",1347931,2018-06-01 08:34:00
"THFHA","20180603","VR2W_113144_20110818_1.vrl",11195,2018-06-01 08:34:00
"THFHA","20180603","VR2W_113144_20111104_1.vrl",36545,2018-06-01 08:34:00
"THFHA","20180603","VR2W_113144_20120417_1.vrl",113600,2018-06-01 08:34:00
"THFHA","20180603","VR2W_113144_20121113_1.vrl",82866,2018-06-01 08:34:00
"THFHA","20180603","VR2W_113144_20130424_1.vrl",206067,2018-06-01 08:34:00
"THFHA","20180603","VR2W_113144_20131114_1.vrl",554970,2018-06-01 08:31:50
"THFHA","20180603","VR2W_113144_20140522_1.vrl",397053,2018-06-01 08:31:50
"THFHA","20180603","VR2W_113144_20141029_1.vrl",169654,2018-06-01 08:31:50
"THFHA","20180603","VR2W_113144_20150602_1.vrl",1405321,2018-06-01 08:31:50
"THFHA","20180603","VR2W_113144_20151026_1.vrl",718661,2018-06-01 08:31:50
"THFHA","20180603","VR2W_113144_20160524_1.vrl",984681,2018-06-01 08:31:50
"THFHA","20180603","VR2W_113144_20161026_1.vrl",254868,2018-06-01 08:31:50
"THFHA","20180603","VR2W_113144_20170926_1.vrl",924728,2018-06-01 08:31:50
"THFHA","20180603","VR2W_113145_20110817_1.vrl",20837,2018-06-01 08:34:00
"THFHA","20180603","VR2W_113145_20111109_1.vrl",4852,2018-06-01 08:34:00
"THFHA","20180603","VR2W_113145_20120418_1.vrl",37486,2018-06-01 08:34:00
"THFHA","20180603","VR2W_113145_20121022_1.vrl",91208,2018-06-01 08:34:00
"THFHA","20180603","VR2W_113145_20130418_1.vrl",12552,2018-06-01 08:34:00
"THFHA","20180603","VR2W_113145_20131121_1.vrl",569937,2018-06-01 08:31:50
"THFHA","20180603","VR2W_113145_20140522_1.vrl",87181,2018-06-01 08:31:50
"THFHA","20180603","VR2W_113145_20141029_1.vrl",252117,2018-06-01 08:31:50
"THFHA","20180603","VR2W_113145_20150602_1.vrl",174602,2018-06-01 08:31:50
"THFHA","20180603","VR2W_113145_20151026_1.vrl",126200,2018-06-01 08:31:50
"THFHA","20180603","VR2W_113146_20110817_1.vrl",3965,2018-06-01 08:34:00
"THFHA","20180603","VR2W_113146_20111109_1.vrl",7367,2018-06-01 08:34:00
"THFHA","20180603","VR2W_113146_20120418_1.vrl",44896,2018-06-01 08:34:00
"THFHA","20180603","VR2W_113146_20121022_1.vrl",49086,2018-06-01 08:34:00
"THFHA","20180603","VR2W_113146_20130418_1.vrl",60741,2018-06-01 08:34:00
"THFHA","20180603","VR2W_113146_20131113_1.vrl",122909,2018-06-01 08:31:50
"THFHA","20180603","VR2W_113146_20140522_1.vrl",30976,2018-06-01 08:31:50
"THFHA","20180603","VR2W_113146_20141029_1.vrl",61834,2018-06-01 08:31:50
"THFHA","20180603","VR2W_113146_20150604_1.vrl",187384,2018-06-01 08:31:50
"THFHA","20180603","VR2W_113146_20151027_1.vrl",185801,2018-06-01 08:31:50
"THFHA","20180603","VR2W_113146_20171201_1.vrl",812974,2018-06-01 08:31:50
"THFHA","20180603","VR2W_113248_20110817_1.vrl",738896,2018-06-01 08:34:00
"THFHA","20180603","VR2W_113248_20111109_1.vrl",223248,2018-06-01 08:34:00
"THFHA","20180603","VR2W_113248_20120418_1.vrl",547994,2018-06-01 08:34:00
"THFHA","20180603","VR2W_113248_20121022_1.vrl",1052189,2018-06-01 08:34:00
"THFHA","20180603","VR2W_113248_20130418_1.vrl",320392,2018-06-01 08:34:00
"THFHA","20180603","VR2W_113248_20130813_1.vrl",974575,2018-06-01 08:31:50
"THFHA","20180603","VR2W_113248_20131120_1.vrl",1469483,2018-06-01 08:31:50
"THFHA","20180603","VR2W_113248_20140527_1.vrl",4603899,2018-06-01 08:31:50
"THFHA","20180603","VR2W_113248_20141030_1.vrl",1509012,2018-06-01 08:31:50
"THFHA","20180603","VR2W_113248_20150605_1.vrl",5123836,2018-06-01 08:31:50
"THFHA","20180603","VR2W_113248_20151112_1.vrl",833781,2018-06-01 08:31:50
"THFHA","20180603","VR2W_113248_20160527_1.vrl",1322622,2018-06-01 08:31:50
"THFHA","20180603","VR2W_113248_20161025_1.vrl",2002270,2018-06-01 08:31:50
"THFHA","20180603","VR2W_113248_20171130_1.vrl",5958702,2018-06-01 08:31:52
"THFHA","20180603","VR2W_113249_20110818_1.vrl",5178,2018-06-01 08:34:00
"THFHA","20180603","VR2W_113249_20111104_1.vrl",4039,2018-06-01 08:34:00
"THFHA","20180604","VR2W_113249_20120421_1.vrl",5419,2018-06-01 08:34:00
"THFHA","20180604","VR2W_113249_20121114_1.vrl",8269,2018-06-01 08:34:00
"THFHA","20180604","VR2W_113249_20130424_1.vrl",5803,2018-06-01 08:34:00
"THFHA","20180604","VR2W_113249_20131112_1.vrl",93775,2018-06-01 08:31:52
"THFHA","20180604","VR2W_113249_20140520_1.vrl",32519,2018-06-01 08:31:52
"THFHA","20180604","VR2W_113249_20141027_1.vrl",32695,2018-06-01 08:31:52
"THFHA","20180604","VR2W_113249_20150603_1.vrl",30914,2018-06-01 08:31:52
"THFHA","20180604","VR2W_113249_20151027_1.vrl",127831,2018-06-01 08:31:52
"THFHA","20180604","VR2W_113249_20160524_1.vrl",179795,2018-06-01 08:31:52
"THFHA","20180604","VR2W_113249_20161026_1.vrl",344462,2018-06-01 08:31:52
"THFHA","20180604","VR2W_113249_20170926_1.vrl",1646295,2018-06-01 08:31:52
"THFHA","20180604","VR2W_113250_20110816_1.vrl",19044,2018-06-01 08:34:00
"THFHA","20180604","VR2W_113250_20111104_1.vrl",24342,2018-06-01 08:34:00
"THFHA","20180604","VR2W_113250_20120417_1.vrl",83943,2018-06-01 08:34:00
"THFHA","20180604","VR2W_113250_20121113_1.vrl",40349,2018-06-01 08:34:00
"THFHA","20180604","VR2W_113250_20130424_1.vrl",13866,2018-06-01 08:34:00
"THFHA","20180604","VR2W_113250_20131111_1.vrl",176021,2018-06-01 08:31:52
"THFHA","20180604","VR2W_113250_20140520_1.vrl",94228,2018-06-01 08:31:52
"THFHA","20180604","VR2W_113250_20141029_1.vrl",101959,2018-06-01 08:31:52
"THFHA","20180604","VR2W_113250_20150602_1.vrl",44124,2018-06-01 08:31:52
"THFHA","20180604","VR2W_113250_20151027_1.vrl",97051,2018-06-01 08:31:52
"THFHA","20180604","VR2W_113250_20160526_1.vrl",260227,2018-06-01 08:31:52
"THFHA","20180604","VR2W_113250_20161027_1.vrl",131288,2018-06-01 08:31:52
"THFHA","20180604","VR2W_113251_20110816_1.vrl",27247,2018-06-01 08:34:00
"THFHA","20180604","VR2W_113251_20111104_1.vrl",9057,2018-06-01 08:34:00
"THFHA","20180604","VR2W_113251_20120417_1.vrl",8982,2018-06-01 08:34:00
"THFHA","20180604","VR2W_113251_20121022_1.vrl",123021,2018-06-01 08:34:00
"THFHA","20180604","VR2W_113251_20130418_1.vrl",5819,2018-06-01 08:34:00
"THFHA","20180604","VR2W_113251_20131112_1.vrl",97674,2018-06-01 08:31:52
"THFHA","20180604","VR2W_113251_20140526_1.vrl",18715,2018-06-01 08:31:52
"THFHA","20180604","VR2W_113251_20141029_1.vrl",123894,2018-06-01 08:31:52
"THFHA","20180604","VR2W_113251_20150603_1.vrl",25431,2018-06-01 08:31:52
"THFHA","20180604","VR2W_113251_20151027_1.vrl",144841,2018-06-01 08:31:52
"THFHA","20180604","VR2W_113251_20160526_1.vrl",30546,2018-06-01 08:31:52
"THFHA","20180604","VR2W_113251_20161026_1.vrl",153641,2018-06-01 08:31:52
"THFHA","20180604","VR2W_113252_20110816_1.vrl",83734,2018-06-01 08:34:00
"THFHA","20180604","VR2W_113252_20111104_1.vrl",212373,2018-06-01 08:34:00
"THFHA","20180604","VR2W_113252_20120417_1.vrl",957921,2018-06-01 08:34:00
"THFHA","20180604","VR2W_113252_20121113_1.vrl",592143,2018-06-01 08:34:00
"THFHA","20180604","VR2W_113252_20130424_1.vrl",1272058,2018-06-01 08:34:00
"THFHA","20180604","VR2W_113252_20131111_1.vrl",530741,2018-06-01 08:31:52
"THFHA","20180604","VR2W_113252_20140520_1.vrl",517060,2018-06-01 08:31:52
"THFHA","20180604","VR2W_113252_20141027_1.vrl",295067,2018-06-01 08:31:52
"THFHA","20180604","VR2W_113252_20150602_1.vrl",941659,2018-06-01 08:31:52
"THFHA","20180604","VR2W_113252_20151027_1.vrl",12491,2018-06-01 08:31:52
"THFHA","20180604","VR2W_113252_20160526_1.vrl",700428,2018-06-01 08:31:52
"THFHA","20180604","VR2W_113252_20161027_1.vrl",68294,2018-06-01 08:31:52
"THFHA","20180604","VR2W_113252_20170926_1.vrl",1434409,2018-06-01 08:31:52
"THFHA","20180604","VR2W_113253_20110816_1.vrl",323994,2018-06-01 08:34:00
"THFHA","20180604","VR2W_113253_20111104_1.vrl",242831,2018-06-01 08:34:00
"THFHA","20180604","VR2W_113253_20120417_1.vrl",571971,2018-06-01 08:34:00
"THFHA","20180604","VR2W_113253_20121113_1.vrl",419054,2018-06-01 08:34:00
"THFHA","20180604","VR2W_113253_20130424_1.vrl",739191,2018-06-01 08:34:00
"THFHA","20180604","VR2W_113253_20131111_1.vrl",703114,2018-06-01 08:31:52
"THFHA","20180604","VR2W_113253_20140520_1.vrl",548915,2018-06-01 08:31:52
"THFHA","20180604","VR2W_113253_20141027_1.vrl",343375,2018-06-01 08:31:52
"THFHA","20180604","VR2W_113253_20150602_1.vrl",407111,2018-06-01 08:31:52
"THFHA","20180604","VR2W_113253_20151027_1.vrl",316980,2018-06-01 08:31:52
"THFHA","20180604","VR2W_113253_20160526_1.vrl",951119,2018-06-01 08:31:52
"THFHA","20180604","VR2W_113253_20161027_1.vrl",542250,2018-06-01 08:31:52
"THFHA","20180604","VR2W_113253_20170926_1.vrl",533654,2018-06-01 08:31:52
"THFHA","20180604","VR2W_113254_20110816_1.vrl",24029,2018-06-01 08:34:00
"THFHA","20180604","VR2W_113254_20111215_1.vrl",32464,2018-06-01 08:34:00
"THFHA","20180604","VR2W_113254_20120416_1.vrl",18912,2018-06-01 08:34:00
"THFHA","20180604","VR2W_113254_20121112_1.vrl",43948,2018-06-01 08:34:00
"THFHA","20180604","VR2W_113254_20130418_1.vrl",44055,2018-06-01 08:34:00
"THFHA","20180604","VR2W_113254_20131112_1.vrl",104393,2018-06-01 08:31:52
"THFHA","20180604","VR2W_113254_20140807_1.vrl",43621,2018-06-01 08:31:52
"THFHA","20180604","VR2W_113254_20141027_1.vrl",25217,2018-06-01 08:31:52
"THFHA","20180604","VR2W_113254_20150602_1.vrl",41365,2018-06-01 08:31:52
"THFHA","20180604","VR2W_113254_20151027_1.vrl",43638,2018-06-01 08:31:52
"THFHA","20180604","VR2W_113254_20160526_1.vrl",65303,2018-06-01 08:31:52
"THFHA","20180604","VR2W_113254_20161027_1.vrl",91818,2018-06-01 08:31:52
"THFHA","20180604","VR2W_113254_20170926_1.vrl",210554,2018-06-01 08:31:52
"THFHA","20180604","VR2W_113675_20120912_1.vrl",37107,2018-06-01 08:34:00
"THFHA","20180604","VR2W_113675_20130417_1.vrl",496604,2018-06-01 08:34:00
"THFHA","20180604","VR2W_113675_20131114_1.vrl",872862,2018-06-01 08:34:00
"THFHA","20180604","VR2W_113675_20140522_1.vrl",358727,2018-06-01 08:34:00
"THFHA","20180604","VR2W_113675_20141029_1.vrl",648643,2018-06-01 08:34:00
"THFHA","20180604","VR2W_113675_20150602_1.vrl",692597,2018-06-01 08:34:00
"THFHA","20180604","VR2W_119457_20120912_1.vrl",25760,2018-06-01 08:34:00
"THFHA","20180604","VR2W_119457_20130417_1.vrl",224678,2018-06-01 08:34:00
"THFHA","20180604","VR2W_119457_20131114_1.vrl",389469,2018-06-01 08:31:52
"THFHA","20180604","VR2W_119457_20140522_1.vrl",457709,2018-06-01 08:31:52
"THFHA","20180604","VR2W_119457_20141029_1.vrl",192388,2018-06-01 08:31:52
"THFHA","20180604","VR2W_119457_20150602_1.vrl",949449,2018-06-01 08:31:52
"THFHA","20180604","VR2W_119457_20151026_1.vrl",72416,2018-06-01 08:31:52
"THFHA","20180604","VR2W_119457_20161026_1.vrl",1360233,2018-06-01 08:31:52
"THFHA","20180604","VR2W_119457_20170927_1.vrl",233883,2018-06-01 08:31:52
"THFHA","20180604","VR2W_125900_20150603_1.vrl",708356,2018-06-01 08:31:52
"THFHA","20180604","VR2W_125900_20151027_1.vrl",153605,2018-06-01 08:31:52
"THFHA","20180604","VR2W_125900_20160526_1.vrl",858316,2018-06-01 08:31:52
"THFHA","20180604","VR2W_125900_20161026_1.vrl",244138,2018-06-01 08:31:52
"THFHA","20180604","VR2W_125900_20170926_1.vrl",1185265,2018-06-01 08:31:52
"THFHA","20180604","VR2W_125901_20150603_1.vrl",264063,2018-06-01 08:31:52
"THFHA","20180604","VR2W_125901_20171130_1.vrl",484663,2018-06-01 08:31:52
"THFHA","20180604","VR2W_125902_20150603_1.vrl",164079,2018-06-01 08:31:52
"THFHA","20180604","VR2W_125902_20151027_1.vrl",148062,2018-06-01 08:31:52
"THFHA","20180604","VR2W_125902_20160526_1.vrl",273437,2018-06-01 08:31:52
"THFHA","20180604","VR2W_125902_20161026_1.vrl",142890,2018-06-01 08:31:52
"THFHA","20180604","VR2W_125902_20170926_1.vrl",633535,2018-06-01 08:31:52
"THFHA","20180604","VR2W_125903_20150604_1.vrl",247798,2018-06-01 08:32:52
"THFHA","20180604","VR2W_125903_20151027_1.vrl",58165,2018-06-01 08:32:52
"THFHA","20180604","VR2W_125903_20161025_1.vrl",665311,2018-06-01 08:32:52
"THFHA","20180604","VR2W_125903_20171130_1.vrl",1505885,2018-06-01 08:32:52
"THFHA","20180604","VR2W_125985_20150603_1.vrl",823923,2018-06-01 08:32:52
"THFHA","20180604","VR2W_125985_20151027_1.vrl",271726,2018-06-01 08:32:52
"THFHA","20180604","VR2W_125985_20160526_1.vrl",1004607,2018-06-01 08:32:52
"THFHA","20180604","VR2W_125985_20171130_1.vrl",1799549,2018-06-01 08:32:52
"THFHA","20180604","VR2W_125986_20150706_1.vrl",49046,2018-06-01 08:32:52
"THFHA","20180604","VR2W_125986_20151027_1.vrl",68926,2018-06-01 08:32:52
"THFHA","20180604","VR2W_125986_20160524_1.vrl",200072,2018-06-01 08:32:52
"THFHA","20180604","VR2W_125986_20161026_1.vrl",105457,2018-06-01 08:32:52
"THFHA","20180604","VR2W_125986_20171130_1.vrl",349975,2018-06-01 08:32:52
"THFHA","20180610","VR2W_105467_20120516_1.vrl",249574,2018-06-01 08:33:58
"THFHA","20180611","VR2W_104777_20170609_1.vrl",3308089,2018-06-11 09:09:16
"THFHA","20180611","VR2W_109378_20140528_1.vrl",134004,2018-06-11 09:09:16
"THFHA","20180611_notLoaded","VR2W_109769_20141030_1.vrl",3006940,2018-06-11 09:09:16
"THFHA","20181011","VR2W_104766_20100830_1.vrl",2289,2018-10-11 11:44:18
"THFHA","20181011","VR2W_104766_20101119_1.vrl",19576,2018-10-11 11:44:18
"THFHA","20181011","VR2W_104767_20100830_1.vrl",2159,2018-10-11 11:44:18
"THFHA","20181011","VR2W_104767_20101119_1.vrl",31740,2018-10-11 11:44:18
"THFHA","20181011","VR2W_104768_20100830_1.vrl",2258,2018-10-11 11:44:18
"THFHA","20181011","VR2W_104768_20101118_1.vrl",348555,2018-10-11 11:44:18
"THFHA","20181011","VR2W_104769_20100831_1.vrl",2231,2018-10-11 11:44:18
"THFHA","20181011","VR2W_104769_20101118_1.vrl",134129,2018-10-11 11:44:18
"THFHA","20181011","VR2W_104770_20101118_1.vrl",277075,2018-10-11 11:44:18
"THFHA","20181011","VR2W_104771_20100831_1.vrl",2102,2018-10-11 11:44:18
"THFHA","20181011","VR2W_104771_20101119_1.vrl",135750,2018-10-11 11:44:18
"THFHA","20181011","VR2W_104772_20100901_1.vrl",10989,2018-10-11 11:44:18
"THFHA","20181011","VR2W_104772_20101117_1.vrl",71080,2018-10-11 11:44:18
"THFHA","20181011","VR2W_104773_20100901_1.vrl",23769,2018-10-11 11:44:18
"THFHA","20181011","VR2W_104773_20101116_1.vrl",123080,2018-10-11 11:44:18
"THFHA","20181011","VR2W_104774_20100901_1.vrl",31420,2018-10-11 11:44:18
"THFHA","20181011","VR2W_104774_20101117_1.vrl",127089,2018-10-11 11:44:18
"THFHA","20181011","VR2W_104775_20100901_1.vrl",11656,2018-10-11 11:44:18
"THFHA","20181011","VR2W_104775_20101117_1.vrl",31104,2018-10-11 11:44:18
"THFHA","20181011","VR2W_104776_20100831_1.vrl",2266,2018-10-11 11:44:18
"THFHA","20181011","VR2W_104776_20101118_1.vrl",4149,2018-10-11 11:44:18
"THFHA","20181011","VR2W_104777_20101119_1.vrl",455505,2018-10-11 11:44:18
"THFHA","20181011","VR2W_104778_20101119_1.vrl",102415,2018-10-11 11:44:18
"THFHA","20181011","VR2W_105260_20100901_1.vrl",39492,2018-10-11 11:44:18
"THFHA","20181011","VR2W_105260_20101117_1.vrl",75465,2018-10-11 11:44:18
"THFHA","20181011","VR2W_109215_20100831_1.vrl",2131,2018-10-11 11:44:18
"THFHA","20181011","VR2W_109215_20101118_1.vrl",4198,2018-10-11 11:44:18
"THFHA","20181011","VR2W_109217_20101119_1.vrl",41438,2018-10-11 11:44:18
"THFHA","20181011","VR2W_109218_20100831_1.vrl",2289,2018-10-11 11:44:18
"THFHA","20181011","VR2W_109218_20101118_1.vrl",136093,2018-10-11 11:44:18
"THFHA","20181011","VR2W_109219_20100830_1.vrl",2206,2018-10-11 11:44:18
"THFHA","20181011","VR2W_109219_20101119_1.vrl",261229,2018-10-11 11:44:18
"THFHA","20181011","VR2W_109220_20100901_1.vrl",13710,2018-10-11 11:44:18
"THFHA","20181011","VR2W_109220_20101117_1.vrl",22825,2018-10-11 11:44:18
"THFHA","20181011","VR2W_111031_20101116_1.vrl",56321,2018-10-11 11:44:18
"THFHA","20181011","VR2W_111032_20101116_1.vrl",99989,2018-10-11 11:44:18
"THFHA","20181011","VR2W_111033_20101116_1.vrl",64890,2018-10-11 11:44:18
"THFHA","20181011","VR2W_111034_20101118_1.vrl",28823,2018-10-11 11:44:18
"THFHA","20181011","VR2W_111035_20101118_1.vrl",45815,2018-10-11 11:44:18
"THFHA","20181011_notLoaded","VR2W_104766_20110418_1.vrl",29345,2018-10-11 11:44:18
"THFHA","20181011_notLoaded","VR2W_104767_20110420_1.vrl",46448,2018-10-11 11:44:18
"THFHA","20181011_notLoaded","VR2W_104768_20110419_1.vrl",307025,2018-10-11 11:44:18
"THFHA","20181011_notLoaded","VR2W_104769_20110509_1.vrl",209685,2018-10-11 11:44:18
"THFHA","20181011_notLoaded","VR2W_104770_20110420_1.vrl",848458,2018-10-11 11:44:18
"THFHA","20181011_notLoaded","VR2W_104771_20110510_1.vrl",262500,2018-10-11 11:44:18
"THFHA","20181011_notLoaded","VR2W_104772_20110418_1.vrl",15603,2018-10-11 11:44:18
"THFHA","20181011_notLoaded","VR2W_104773_20110520_1.vrl",170290,2018-10-11 11:44:18
"THFHA","20181011_notLoaded","VR2W_104774_20110418_1.vrl",11865,2018-10-11 11:44:18
"THFHA","20181011_notLoaded","VR2W_104776_20110418_1.vrl",3754,2018-10-11 11:44:18
"THFHA","20181011_notLoaded","VR2W_104777_20110419_1.vrl",1387174,2018-10-11 11:44:18
"THFHA","20181011_notLoaded","VR2W_104778_20110419_1.vrl",268385,2018-10-11 11:44:18
"THFHA","20181011_notLoaded","VR2W_105260_20110419_1.vrl",1118271,2018-10-11 11:44:18
"THFHA","20181011_notLoaded","VR2W_109215_20110418_1.vrl",3698,2018-10-11 11:44:18
"THFHA","20181011_notLoaded","VR2W_109217_20110419_1.vrl",81774,2018-10-11 11:44:18
"THFHA","20181011_notLoaded","VR2W_109218_20110509_1.vrl",161750,2018-10-11 11:44:18
"THFHA","20181011_notLoaded","VR2W_109219_20110419_1.vrl",513346,2018-10-11 11:44:18
"THFHA","20181011_notLoaded","VR2W_109220_20110509_1.vrl",808496,2018-10-11 11:44:18
"THFHA","20181011_notLoaded","VR2W_111031_20110520_1.vrl",165809,2018-10-11 11:44:18
"THFHA","20181011_notLoaded","VR2W_111032_20110510_1.vrl",177809,2018-10-11 11:44:18
"THFHA","20181011_notLoaded","VR2W_111032_20110815_1.vrl",546476,2018-10-11 11:44:18
"THFHA","20181011_notLoaded","VR2W_111033_20110510_1.vrl",169863,2018-10-11 11:44:18
"THFHA","20181011_notLoaded","VR2W_111034_20110818_1.vrl",499549,2018-10-11 11:44:18
"THFHA","20181011_notLoaded","VR2W_111035_20110427_1.vrl",121760,2018-10-11 11:44:18
"THFHA","20181011_notLoaded","VR2W_111035_20110818_1.vrl",413866,2018-10-11 11:44:18
"THFHA","20181105","VR2W_105467_20131112_1_reprocessed.vrl",2507020,2018-11-05 09:19:52
"THFHA","20181105","VR2W_105467_20141028_1_reprocessed.vrl",3313548,2018-11-05 09:19:52
"THFHA","20181105","VR2W_105467_20151026_1_reprocessed.vrl",833101,2018-11-05 09:19:52
"THFHA","20181105","VR2W_111033_20141028_1_reprocessed.vrl",9498,2018-11-05 09:19:52
"THFHA","20181105","VR2W_111033_20151030_1_reprocessed.vrl",24604,2018-11-05 09:19:52
"THFHA","20181105","VR2W_111033_20161027_1_reprocessed.vrl",56911,2018-11-05 09:19:52
"THFHA","20190211","VR2W_104767_20170925_1.vrl",256385,2019-02-11 08:20:02
"THFHA","20190211","VR2W_104767_20180509_1.vrl",541287,2019-02-11 08:20:02
"THFHA","20190211","VR2W_104767_20181102_1.vrl",64334,2019-02-11 08:20:02
"THFHA","20190211","VR2W_104768_20180507_1.vrl",843616,2019-02-11 08:20:02
"THFHA","20190211","VR2W_104768_20181102_1.vrl",705321,2019-02-11 08:20:02
"THFHA","20190211","VR2W_104769_20180515_1.vrl",230194,2019-02-11 08:20:02
"THFHA","20190211","VR2W_104769_20181113_1.vrl",131419,2019-02-11 08:20:02
"THFHA","20190211","VR2W_104770_20180510_1.vrl",1518550,2019-02-11 08:20:02
"THFHA","20190211","VR2W_104770_20181031_1.vrl",634049,2019-02-11 08:20:02
"THFHA","20190211","VR2W_104771_20170925_1.vrl",974313,2019-02-11 08:20:02
"THFHA","20190211","VR2W_104771_20180509_1.vrl",612017,2019-02-11 08:20:02
"THFHA","20190211","VR2W_104774_20180507_1.vrl",386849,2019-02-11 08:20:02
"THFHA","20190211","VR2W_104774_20181030_1.vrl",429790,2019-02-11 08:20:02
"THFHA","20190211","VR2W_104776_20180509_1.vrl",206096,2019-02-11 08:20:02
"THFHA","20190211","VR2W_105260_20181030_1.vrl",7499851,2019-02-11 08:20:02
"THFHA","20190211","VR2W_105468_20181031_1.vrl",11074,2019-02-11 08:20:02
"THFHA","20190211","VR2W_109218_20180515_1.vrl",1282643,2019-02-11 08:20:02
"THFHA","20190211","VR2W_109218_20181113_1.vrl",1029919,2019-02-11 08:20:02
"THFHA","20190211","VR2W_109219_20180515_1.vrl",1391753,2019-02-11 08:20:04
"THFHA","20190211","VR2W_109219_20181113_1.vrl",501108,2019-02-11 08:20:04
"THFHA","20190211","VR2W_109220_20181031_1.vrl",689078,2019-02-11 08:20:04
"THFHA","20190211","VR2W_109370_20170925_1.vrl",269460,2019-02-11 08:20:04
"THFHA","20190211","VR2W_109370_20180509_1.vrl",429232,2019-02-11 08:20:04
"THFHA","20190211","VR2W_109370_20181102_1.vrl",41191,2019-02-11 08:20:04
"THFHA","20190211","VR2W_109372_20181101_1.vrl",1092186,2019-02-11 08:20:04
"THFHA","20190211","VR2W_109378_20180508_1.vrl",72243,2019-02-11 08:20:04
"THFHA","20190211","VR2W_109385_20180509_1.vrl",2156018,2019-02-11 08:20:04
"THFHA","20190211","VR2W_109385_20181114_1.vrl",1489848,2019-02-11 08:20:04
"THFHA","20190211","VR2W_109393_20180509_1.vrl",885775,2019-02-11 08:20:04
"THFHA","20190211","VR2W_111032_20180515_1.vrl",417982,2019-02-11 08:20:04
"THFHA","20190211","VR2W_111032_20181113_1.vrl",208780,2019-02-11 08:20:04
"THFHA","20190211","VR2W_113144_20180510_1.vrl",584028,2019-02-11 08:20:04
"THFHA","20190211","VR2W_113144_20181102_1.vrl",593418,2019-02-11 08:20:04
"THFHA","20190211","VR2W_113146_20180509_1.vrl",131060,2019-02-11 08:20:04
"THFHA","20190211","VR2W_113248_20181114_1.vrl",4452332,2019-02-11 08:20:04
"THFHA","20190211","VR2W_113249_20180509_1.vrl",1186999,2019-02-11 08:20:04
"THFHA","20190211","VR2W_113249_20181101_1.vrl",684237,2019-02-11 08:20:04
"THFHA","20190211","VR2W_113252_20180510_1.vrl",2495634,2019-02-11 08:20:04
"THFHA","20190211","VR2W_113252_20181031_1.vrl",1541340,2019-02-11 08:20:04
"THFHA","20190211","VR2W_113253_20180510_1.vrl",612466,2019-02-11 08:20:04
"THFHA","20190211","VR2W_113253_20181101_1.vrl",414078,2019-02-11 08:20:04
"THFHA","20190211","VR2W_113254_20180508_1.vrl",138684,2019-02-11 08:20:04
"THFHA","20190211","VR2W_119457_20180508_1.vrl",92781,2019-02-11 08:20:04
"THFHA","20190211","VR2W_119457_20181102_1.vrl",74402,2019-02-11 08:20:04
"THFHA","20190211","VR2W_125900_20180510_1.vrl",1028687,2019-02-11 08:20:04
"THFHA","20190211","VR2W_125900_20181031_1.vrl",431734,2019-02-11 08:20:04
"THFHA","20190211","VR2W_125901_20180510_1.vrl",481949,2019-02-11 08:20:04
"THFHA","20190211","VR2W_125901_20181101_1.vrl",219964,2019-02-11 08:20:04
"THFHA","20190211","VR2W_125902_20180509_1.vrl",369043,2019-02-11 08:20:04
"THFHA","20190211","VR2W_125902_20181030_1.vrl",240293,2019-02-11 08:20:04
"THFHA","20190211","VR2W_125903_20180507_1.vrl",784931,2019-02-11 08:20:04
"THFHA","20190211","VR2W_125903_20181030_1.vrl",1165128,2019-02-11 08:20:04
"THFHA","20190211","VR2W_125986_20180509_1.vrl",84332,2019-02-11 08:20:04
"THFHA","20200520","VR2W_104766_20190612_1.vrl",1297320,2020-05-20 16:06:08
"THFHA","20200520","VR2W_104767_20191127_1.vrl",307171,2020-05-20 16:06:08
"THFHA","20200520","VR2W_104769_20190614_1.vrl",269775,2020-05-20 16:06:08
"THFHA","20200520","VR2W_104770_20191030_1.vrl",1410564,2020-05-20 16:06:08
"THFHA","20200520","VR2W_104771_20190611_1.vrl",283514,2020-05-20 16:06:08
"THFHA","20200520","VR2W_104774_20190611_1.vrl",367056,2020-05-20 16:06:08
"THFHA","20200520","VR2W_104776_20190820_1.vrl",266473,2020-05-20 16:06:08
"THFHA","20200520","VR2W_105260_20191031_1.vrl",46682,2020-05-20 16:06:08
"THFHA","20200520","VR2W_105260_20191031_2.vrl",6530437,2020-05-20 16:06:08
"THFHA","20200520","VR2W_107324_20190628_1.vrl",483004,2020-05-20 16:06:08
"THFHA","20200520","VR2W_107333_20190617_1.vrl",225112,2020-05-20 16:06:08
"THFHA","20200520","VR2W_109215_20191127_1.vrl",930395,2020-05-20 16:06:08
"THFHA","20200520","VR2W_109218_20190614_1.vrl",613362,2020-05-20 16:06:08
"THFHA","20200520","VR2W_109219_20190610_1.vrl",1353641,2020-05-20 16:06:08
"THFHA","20200520","VR2W_109370_20191028_1.vrl",289535,2020-05-20 16:06:08
"THFHA","20200520","VR2W_109372_20191029_1.vrl",744153,2020-05-20 16:06:08
"THFHA","20200520","VR2W_109378_20191127_1.vrl",104113,2020-05-20 16:06:08
"THFHA","20200520","VR2W_109385_20190820_1.vrl",2901677,2020-05-20 16:06:08
"THFHA","20200520","VR2W_109393_20191127_1.vrl",2042415,2020-05-20 16:06:08
"THFHA","20200520","VR2W_109768_20190717_1.vrl",83711,2020-05-20 16:06:08
"THFHA","20200520","VR2W_111032_20190610_1.vrl",373478,2020-05-20 16:06:08
"THFHA","20200520","VR2W_113144_20190820_1.vrl",574672,2020-05-20 16:06:08
"THFHA","20200520","VR2W_113249_20190920_1.vrl",2395212,2020-05-20 16:06:08
"THFHA","20200520","VR2W_113252_20190613_1.vrl",1927723,2020-05-20 16:06:08
"THFHA","20200520","VR2W_113253_20190613_1.vrl",1208971,2020-05-20 16:06:08
"THFHA","20200520","VR2W_119457_20191030_1.vrl",536099,2020-05-20 16:06:08
"THFHA","20200520","VR2W_119708_20191114_1.vrl",8597,2020-05-20 16:06:08
"THFHA","20200520","VR2W_122067_20191010_1.vrl",114373,2020-05-20 16:06:08
"THFHA","20200520","VR2W_125900_20191028_1.vrl",1061406,2020-05-20 16:06:08
"THFHA","20200520","VR2W_125903_20191028_1.vrl",1068367,2020-05-20 16:06:08
"THFHA","20200520","VR2W_125903_20191114_1.vrl",23068,2020-05-20 16:06:08
"THFHA","20200520","VR2W_125986_20190816_1.vrl",580753,2020-05-20 16:06:08
"THFHA","20200520","VR2W_131486_20191114_1.vrl",33692,2020-05-20 16:06:08
"THFHA","20200520","VR2W_131488_20191114_1.vrl",7482,2020-05-20 16:06:08
"THFHA","20200520","VR2W_133000_20191121_1.vrl",144941,2020-05-20 16:06:08
"THFHA","20210107","VR2W_104769_20200904_1.vrl",119583,2021-01-07 09:18:50
"THFHA","20210107","VR2W_104770_20200922_1.vrl",1607925,2021-01-07 09:18:50
"THFHA","20210107","VR2W_105260_20200922_1.vrl",4353770,2021-01-07 09:18:50
"THFHA","20210107","VR2W_105468_20200925_1.vrl",266194,2021-01-07 09:18:50
"THFHA","20210107","VR2W_107324_20200904_1.vrl",79962,2021-01-07 09:18:50
"THFHA","20210107","VR2W_107331_20200925_1.vrl",82128,2021-01-07 09:18:50
"THFHA","20210107","VR2W_109218_20200904_1.vrl",376326,2021-01-07 09:18:50
"THFHA","20210107","VR2W_109768_20200904_1.vrl",80073,2021-01-07 09:18:50
"THFHA","20210107","VR2W_111032_20201111_1.vrl",1472107,2021-01-07 09:18:50
"THFHA","20210107","VR2W_113249_20201002_1.vrl",492400,2021-01-07 09:18:50
"THFHA","20210107","VR2W_119457_20200922_1.vrl",138771,2021-01-07 09:18:50
"THFHA","20210107","VR2W_119708_20201111_1.vrl",62154,2021-01-07 09:18:50
"THFHA","20210107","VR2W_122067_20201002_1.vrl",172265,2021-01-07 09:18:50
"THFHA","20210107","VR2W_125903_20201111_1.vrl",92269,2021-01-07 09:18:50
"THFHA","20210107","VR2W_131488_20201111_1.vrl",68075,2021-01-07 09:18:50
"THFHA","20210107","VR2W_133000_20201111_1.vrl",98464,2021-01-07 09:18:50
"THFHA","20210107","VR2W_133003_20201111_1.vrl",192353,2021-01-07 09:18:50
"THFHA","20210629","VR2W_104767_20210413_1.vrl",119336,2021-06-29 10:45:10
"THFHA","20210629","VR2W_104771_20210419_1.vrl",809290,2021-06-29 10:45:10
"THFHA","20210629","VR2W_104774_20210408_1.vrl",559608,2021-06-29 10:45:10
"THFHA","20210629","VR2W_104776_20210415_1.vrl",87737,2021-06-29 10:45:10
"THFHA","20210629","VR2W_105260_20210408_1.vrl",2604553,2021-06-29 10:45:10
"THFHA","20210629","VR2W_107333_20210426_1.vrl",217632,2021-06-29 10:45:10
"THFHA","20210629","VR2W_109215_20210415_1.vrl",224832,2021-06-29 10:45:10
"THFHA","20210629","VR2W_109378_20210415_1.vrl",62755,2021-06-29 10:45:10
"THFHA","20210629","VR2W_109393_20210413_1.vrl",720229,2021-06-29 10:45:10
"THFHA","20210629","VR2W_113144_20210419_1.vrl",114662,2021-06-29 10:45:10
"THFHA","20210629","VR2W_113252_20210414_2.vrl",862330,2021-06-29 10:45:10
"THFHA","20210629","VR2W_113253_20210414_2.vrl",1628825,2021-06-29 10:45:10
"THFHA","20210629","VR2W_121984_20210414_1.vrl",1032237,2021-06-29 10:45:10
"THFHA","20210629","VR2W_121996_20210409_1.vrl",87358,2021-06-29 10:45:10
"THFHA","20210629","VR2W_125986_20210415_1.vrl",133233,2021-06-29 10:45:10
"THFHA","20210629","VR2W_127842_20210409_1.vrl",87835,2021-06-29 10:45:10
"THFHA","20210629","VR2W_131486_20210413_1.vrl",120731,2021-06-29 10:45:10
"THFHA","20210629","VR2W_131489_20210409_1.vrl",1777798,2021-06-29 10:45:10
"THFHA","20210629","VR2W_132817_20210409_1.vrl",87846,2021-06-29 10:45:10
"THFHA","20210708","VR2AR_548244_20210608_1.vrl",3327505,2021-07-08 09:21:08
"THFHA","20210708","VR2AR_548247_20210608_1.vrl",3561976,2021-07-08 09:21:08
"THFHA","20210708","VR2AR_548250_20210608_1.vrl",3484425,2021-07-08 09:21:08
"THFHA","20210708","VR2AR_548266_20210608_1.vrl",3739926,2021-07-08 09:21:08
"THFHA","20210708","VR2AR_548278_20210608_1.vrl",3294927,2021-07-08 09:21:08
"THFHA","20220124","VR2W_104769_20210921_1.vrl",126164,2022-01-24 14:46:28
"THFHA","20220124","VR2W_104770_20211122_1.vrl",557322,2022-01-24 14:46:28
"THFHA","20220124","VR2W_107324_20210921_1.vrl",74507,2022-01-24 14:46:28
"THFHA","20220124","VR2W_109218_20210921_1.vrl",73578,2022-01-24 14:46:28
"THFHA","20220124","VR2W_109370_20211122_1.vrl",464452,2022-01-24 14:46:28
"THFHA","20220124","VR2W_109372_20220111_1.vrl",99855,2022-01-24 14:46:28
"THFHA","20220124","VR2W_109768_20211004_1.vrl",71880,2022-01-24 14:46:28
"THFHA","20220124","VR2W_119457_20211122_1.vrl",692748,2022-01-24 14:46:28
"THFHA","20220124","VR2W_122067_20210915_1.vrl",143395,2022-01-24 14:46:28
"THFHA","20220124","VR2W_125900_20211122_1.vrl",1681150,2022-01-24 14:46:28
"THFHA","20220124","VR2W_125902_20211122_1.vrl",1031813,2022-01-24 14:46:28
"THFHA","20220124","VR2W_125903_20211117_1.vrl",172357,2022-01-24 14:46:28
"THFHA","20220124","VR2W_127834_20211111_1.vrl",162460,2022-01-24 14:46:28
"THFHA","20220124","VR2W_129324_20211117_1.vrl",107211,2022-01-24 14:46:28
"THFHA","20220124","VR2W_131488_20211111_1.vrl",110668,2022-01-24 14:46:28
"THFHA","20220124","VR2W_133000_20211117_1.vrl",229922,2022-01-24 14:46:28
"THFHA","20220124","VR2W_133003_20211117_1.vrl",154361,2022-01-24 14:46:28
"THFHA","20220124_notLoaded","VR2W_109370_20211122_1 - Copy.vrl",464452,2022-01-24 14:46:28
"THFHA","20220124_notLoaded","VR2W_119457_20211122_1 - Copy.vrl",692748,2022-01-24 14:46:28
"THFHA","20220124_notLoaded","VR2W_125900_20211122_1 - Copy.vrl",1681150,2022-01-24 14:46:28
"THFHA","20220124_notLoaded","VR2W_125902_20211122_1 - Copy.vrl",1031813,2022-01-24 14:46:28
"THFHA","20220126","VR2W_104766_20210414_1.vrl",339160,2022-01-26 11:53:04
"THFHA","20220805","VR2AR_548247_20220606_1.vrl",3770576,2022-08-05 14:05:48
"THFHA","20220805","VR2AR_548266_20220606_1.vrl",3761002,2022-08-05 14:05:48
"THFHA","20220805","VR2AR_548266_20220628_1.vrl",90750,2022-08-05 14:05:48
"THFHA","20220805","VR2AR_549103_20220606_1.vrl",3478085,2022-08-05 14:05:48
"THFHA","20220805","VR2AR_549118_20220606_1.vrl",3762698,2022-08-05 14:05:48
"THFHA","20220805","VR2AR_549120_20220606_1.vrl",2456927,2022-08-05 14:05:48
"THFHA","20220805","VR2W_104767_20220516_1.vrl",155789,2022-08-05 14:05:48
"THFHA","20220805","VR2W_104771_20220607_1.vrl",817052,2022-08-05 14:05:48
"THFHA","20220805","VR2W_104774_20220725_1.vrl",689726,2022-08-05 14:05:48
"THFHA","20220805","VR2W_104776_20220628_1.vrl",126053,2022-08-05 14:05:48
"THFHA","20220805","VR2W_105260_20220525_1.vrl",5120455,2022-08-05 14:05:48
"THFHA","20220805","VR2W_105468_20220606_1.vrl",4804977,2022-08-05 14:05:48
"THFHA","20220805","VR2W_107331_20220621_1.vrl",644026,2022-08-05 14:05:48
"THFHA","20220805","VR2W_107333_20220620_1.vrl",283058,2022-08-05 14:05:48
"THFHA","20220805","VR2W_109378_20220516_1.vrl",80690,2022-08-05 14:05:48
"THFHA","20220805","VR2W_109385_20220719_1.vrl",5127136,2022-08-05 14:05:48
"THFHA","20220805","VR2W_109393_20220516_1.vrl",307917,2022-08-05 14:05:48
"THFHA","20220805","VR2W_113144_20220607_1.vrl",622293,2022-08-05 14:05:48
"THFHA","20220805","VR2W_113248_20220719_1.vrl",8335485,2022-08-05 14:05:48
"THFHA","20220805","VR2W_113253_20220715_1.vrl",3222118,2022-08-05 14:05:48
"THFHA","20220805","VR2W_119708_20220725_2.vrl",846513,2022-08-05 14:05:48
"THFHA","20220805","VR2W_121984_20220621_1.vrl",475856,2022-08-05 14:05:48
"THFHA","20220805","VR2W_121996_20220525_1.vrl",127042,2022-08-05 14:05:48
"THFHA","20220805","VR2W_125986_20220725_1.vrl",247060,2022-08-05 14:05:48
"THFHA","20220805","VR2W_127842_20220525_1.vrl",129888,2022-08-05 14:05:48
"THFHA","20220805","VR2W_131486_20220621_1.vrl",245645,2022-08-05 14:05:48
"THFHA","20220805","VR2W_131489_20220525_1.vrl",1113092,2022-08-05 14:05:48
"THFHA","20220805","VR2W_132817_20220525_1.vrl",131125,2022-08-05 14:05:48
"THFHA","20220805_notLoaded","VR2W_109372_20220111_1.vrl",99855,2022-08-05 14:05:48
"THFHA","20230316","VR2Tx_487564_20221004_1.vrl",468273,2023-03-16 13:32:46
"THFHA","20230316","VR2W_104769_20221003_1.vrl",201303,2023-03-16 13:32:46
"THFHA","20230316","VR2W_107324_20221003_1.vrl",90111,2023-03-16 13:32:46
"THFHA","20230316","VR2W_109215_20221031_1.vrl",137517,2023-03-16 13:32:46
"THFHA","20230316","VR2W_109218_20221003_1.vrl",152884,2023-03-16 13:32:46
"THFHA","20230316","VR2W_109768_20221003_1.vrl",83049,2023-03-16 13:32:46
"THFHA","20230316","VR2W_111032_20221012_1.vrl",122147,2023-03-16 13:32:46
"THFHA","20230316","VR2W_113249_20220927_1.vrl",413440,2023-03-16 13:32:46
"THFHA","20230316","VR2W_113254_20221031_1.vrl",144841,2023-03-16 13:32:46
"THFHA","20230316","VR2W_125903_20221115_1.vrl",1604397,2023-03-16 13:32:46
"THFHA","20230316","VR2W_127834_20221115_2.vrl",819298,2023-03-16 13:32:46
"THFHA","20230316","VR2W_129324_20221115_1.vrl",224820,2023-03-16 13:32:46
"THFHA","20230316","VR2W_131488_20221115_1.vrl",447703,2023-03-16 13:32:46
"THFHA","20230922","VR2AR_548259_20230712_1.vrl",3511845,2023-09-22 11:22:28
"THFHA","20230922","VR2AR_548266_20230712_1.vrl",2608859,2023-09-22 11:22:28
"THFHA","20230922","VR2AR_549103_20230712_1.vrl",2893004,2023-09-22 11:22:28
"THFHA","20230922","VR2AR_549118_20230712_1.vrl",3453029,2023-09-22 11:22:28
"THFHA","20230922","VR2W_104769_20230907_1.vrl",198358,2023-09-22 11:22:28
"THFHA","20230922","VR2W_104770_20230906_1.vrl",919376,2023-09-22 11:22:28
"THFHA","20230922","VR2W_104771_20230612_1.vrl",60300,2023-09-22 11:22:28
"THFHA","20230922","VR2W_104774_20230531_1.vrl",159044,2023-09-22 11:22:28
"THFHA","20230922","VR2W_105260_20230908_1.vrl",2595285,2023-09-22 11:22:28
"THFHA","20230922","VR2W_105468_20230531_2.vrl",1107719,2023-09-22 11:22:28
"THFHA","20230922","VR2W_107324_20230907_1.vrl",73620,2023-09-22 11:22:28
"THFHA","20230922","VR2W_107331_20230531_1.vrl",123389,2023-09-22 11:22:28
"THFHA","20230922","VR2W_107333_20230704_1.vrl",94980,2023-09-22 11:22:28
"THFHA","20230922","VR2W_107333_20230704_2.vrl",94993,2023-09-22 11:22:28
"THFHA","20230922","VR2W_109218_20230907_1.vrl",268821,2023-09-22 11:22:28
"THFHA","20230922","VR2W_109370_20230529_1.vrl",245573,2023-09-22 11:22:28
"THFHA","20230922","VR2W_109393_20230612_1.vrl",96143,2023-09-22 11:22:28
"THFHA","20230922","VR2W_109768_20230907_1.vrl",104070,2023-09-22 11:22:28
"THFHA","20230922","VR2W_111032_20230906_1.vrl",83697,2023-09-22 11:22:28
"THFHA","20230922","VR2W_113144_20230602_1.vrl",343921,2023-09-22 11:22:28
"THFHA","20230922","VR2W_113253_20230628_1.vrl",1795077,2023-09-22 11:22:28
"THFHA","20230922","VR2W_113254_20230612_1.vrl",601429,2023-09-22 11:22:28
"THFHA","20230922","VR2W_119457_20230526_1.vrl",1667206,2023-09-22 11:22:28
"THFHA","20230922","VR2W_119708_20230529_1.vrl",747748,2023-09-22 11:22:28
"THFHA","20230922","VR2W_121984_20230613_1.vrl",393592,2023-09-22 11:22:28
"THFHA","20230922","VR2W_121996_20230612_1.vrl",131411,2023-09-22 11:22:28
"THFHA","20230922","VR2W_125900_20230906_1.vrl",566162,2023-09-22 11:22:28
"THFHA","20230922","VR2W_125902_20230906_1.vrl",371714,2023-09-22 11:22:28
"THFHA","20230922","VR2W_125903_20230526_1.vrl",1604674,2023-09-22 11:22:28
"THFHA","20230922","VR2W_125986_20230602_1.vrl",114525,2023-09-22 11:22:30
"THFHA","20230922","VR2W_127834_20230526_1.vrl",819494,2023-09-22 11:22:30
"THFHA","20230922","VR2W_127842_20230609_2.vrl",133357,2023-09-22 11:22:30
"THFHA","20230922","VR2W_129324_20230526_1.vrl",225013,2023-09-22 11:22:30
"THFHA","20230922","VR2W_129324_20230526_2.vrl",225021,2023-09-22 11:22:30
"THFHA","20230922","VR2W_131486_20230612_1.vrl",253549,2023-09-22 11:22:30
"THFHA","20230922","VR2W_131488_20230526_1.vrl",448444,2023-09-22 11:22:30
"THFHA","20230922","VR2W_131489_20230707_1.vrl",1582743,2023-09-22 11:22:30
"THFHA","20230922","VR2W_132817_20230609_1.vrl",150904,2023-09-22 11:22:30
